id;full_name;cpf;birth_date;email;phone;active;deleted_at
1;florescer gadzooks;escanear and;2026-04-08;"`,@7pe!.R#4C";(54) 1166-2775;false;2026-04-08T19:39:13
2;blah;furthermore be;2026-04-08;"Z=/k1M@YdkI]5.8kuIN";(73) 7288-7662;false;2026-04-08T14:18:27
3;administrar stealthily;estojo almost;2026-04-08;"UqN@KNbob$.'umQ`1";(14) 08040-9666;true;2026-04-08T19:05:12
4;comunicar igreja girar;though meanwhi;2026-04-08;"vH9u@==ChN}.~";(87) 32816-0745;true;2026-04-08T02:20:32
5;likewise;celestial busc;2026-04-08;"2PcA+@nf9.%D%*k";+55 (87) 0689-3996;false;2026-04-08T06:49:12
6;vagão huzzah pássaro;ossoXXXXXXX;2026-04-08;"Ei5!&@c*ggA:.`/H`bM";(87) 1111-9070;true;2026-04-08T18:13:06
7;jacaré yuck abaft;unless bahX;2026-04-08;"H9p!~@.t%N.JVS_";+55 (75) 2228-2091;false;2026-04-08T04:50:47
8;or what gratefully;interruptor ma;2026-04-08;"w6M9@%~b$.D7";(68) 74307-0173;false;2026-04-08T20:45:27
9;contente;comentarXXX;2026-04-08;"1JF@stH?w.5";(06) 5927-9353;false;2026-04-08T16:14:38
10;although burro;lago desligar;2026-04-08;"T@v7fP#.TM|xu";(39) 0040-4790;true;2026-04-08T14:03:07
11;when lest;whileXXXXXX;2026-04-08;"+@;e(sO^.zXg";(60) 7695-0264;false;2026-04-08T15:25:31
12;ew deliberately yum;comentarXXX;2026-04-08;"YHX-&K@KCx_'x.LEX~h2";(18) 9084-6156;false;2026-04-08T02:26:16
13;barring underneath when;escanearXXX;2026-04-08;"ZE/i@Xy).]z";+55 (98) 3679-7083;false;2026-04-08T05:04:36
14;whoever;projetar whoa ;2026-04-08;"mi@$bAs.&k_ww}";(55) 0560-4284;true;2026-04-08T12:28:18
15;enormously;times artista;2026-04-08;"Z@1`s.ts;";+55 (39) 3135-4308;true;2026-04-08T16:54:10
16;highly caro advogado;soXXXXXXXXX;2026-04-08;"e%La3@+:So#.=G-O*";(39) 81583-5636;true;2026-04-08T20:07:00
17;organizado lâmpada among;viceXXXXXXX;2026-04-08;"{z[A@wr'HS.t<";+55 (49) 2039-7802;true;2026-04-08T13:48:39
18;however off even;experimentar;2026-04-08;"lqW@Id`.mP.WJ";+55 (84) 9259-7106;false;2026-04-08T16:26:43
19;knottily;indeed into to;2026-04-08;"M@Xb.j\=,gp";(96) 75443-2955;true;2026-04-08T07:15:02
20;envergonhar surpreender;ofXXXXXXXXX;2026-04-08;"5O@S.PN&ebi";+55 (84) 4905-7707;true;2026-04-08T09:07:41
21;borracha;phewXXXXXXX;2026-04-08;"pQz@cx4.[7GD58";(87) 7839-3597;true;2026-04-08T19:20:50
22;lest ew badly;falsoXXXXXX;2026-04-08;"tC@}.<^:J";+55 (16) 4418-7737;true;2026-04-08T15:05:37
23;assistir avaliar lest;likewiseXXX;2026-04-08;"+rB)@3H.~x`*K";(57) 33408-6882;true;2026-04-08T02:52:54
24;fraco soltar;defiantlyXX;2026-04-08;;(60) 2731-2524;true;2026-04-08T23:03:47
25;guardar;vacaXXXXXXX;2026-04-08;"(WP}@7NW-V.T`";(37) 00656-9609;false;2026-04-08T10:36:35
26;next pace;ha forte reuni;2026-04-08;"{@>Ez75=.9k$KG";(35) 18394-2396;false;2026-04-08T22:25:33
27;of salvar if;even brotar re;2026-04-08;"~Ne3RI@n.kRC}+f";(38) 0358-9251;false;2026-04-08T10:03:50
28;sedately curioso;till contente;2026-04-08;";@\6nr?.Tjv%";+55 (60) 8378-5405;false;2026-04-08T17:33:02
29;indeed prescrever including;rígidoXXXXX;2026-04-08;"-l|SO@nn.F*3?eD";(07) 5750-8350;true;2026-04-08T06:51:48
30;quente;tv fooey even;2026-04-08;"CFu@Z.-k7A";(55) 35639-6083;false;2026-04-08T05:20:39
